pattern,kernel_size,image,width,height,channels,model,threads,schedule,chunk,reps,time_mean_s,time_median_s,time_stddev_s,time_cv,speedup,efficiency,overhead_pct,flops,bytes_moved,arithmetic_intensity,energy_J,avg_power_W,EDP,MFLOP_per_W,cpu_utilization,energy_source,validation
sobel,3,2k,2560,1440,3,seq,1,-,0,10,0.228042396,0.182056465,0.0756442173,0.331711,0.757631,0.757631,31.99,1.99066e+08,4.42368e+08,0.45,7.31493,32.0755,1.66812,6.20615,0.9869,TDP_ESTIMATE,PASS
sobel,3,2k,2560,1440,3,pthreads,1,-,0,10,0.23464208,0.205271536,0.0712626637,0.303708,0.736321,0.736321,35.81,1.99066e+08,4.42368e+08,0.45,7.5025,31.9726,1.7604,6.22614,0.9838,TDP_ESTIMATE,PASS
sobel,3,2k,2560,1440,3,pthreads,2,-,0,10,0.173141951,0.170919465,0.00659749498,0.0381045,0.997863,0.498931,0,1.99066e+08,4.42368e+08,0.45,10.8707,62.7816,1.88218,3.17076,1.932,TDP_ESTIMATE,PASS
sobel,3,2k,2560,1440,3,omp-rows,1,static,64,10,0.169439159,0.168293373,0.0037992454,0.0224225,1.01967,1.01967,-1.929,1.99066e+08,4.42368e+08,0.45,5.50288,32.4748,0.932403,6.12985,0.9992,TDP_ESTIMATE,PASS
sobel,3,2k,2560,1440,3,omp-rows,2,static,64,10,0.170742799,0.169473262,0.0048681776,0.0285118,1.01188,0.505942,0,1.99066e+08,4.42368e+08,0.45,10.8721,63.6713,1.85633,3.12646,1.959,TDP_ESTIMATE,PASS
sobel,3,2k,2560,1440,3,omp-tiled,1,-,0,10,0.28835881,0.257030672,0.0715654865,0.248182,0.599156,0.599156,66.9,1.99066e+08,4.42368e+08,0.45,9.31467,32.3013,2.68597,6.16278,0.9939,TDP_ESTIMATE,PASS
sobel,3,2k,2560,1440,3,omp-tiled,2,-,0,10,0.343367665,0.317387233,0.0764503374,0.222649,0.503169,0.251584,0,1.99066e+08,4.42368e+08,0.45,17.0081,49.5008,5.84003,4.02146,1.523,TDP_ESTIMATE,PASS
sobel,3,4k,3840,2160,3,seq,1,-,0,10,0.541544427,0.495606331,0.162074886,0.299283,0.723881,0.723881,38.14,4.47898e+08,9.95328e+08,0.45,17.3225,31.9867,9.38093,14.0026,0.9842,TDP_ESTIMATE,PASS
sobel,3,4k,3840,2160,3,pthreads,1,-,0,10,0.392984459,0.391660977,0.0132275043,0.0336591,0.99753,0.99753,0.2476,4.47898e+08,9.95328e+08,0.45,12.7545,32.4545,5.01232,13.8008,0.9986,TDP_ESTIMATE,PASS
sobel,3,4k,3840,2160,3,pthreads,2,-,0,10,0.389325512,0.388199366,0.00806047409,0.0207037,1.00691,0.503453,0,4.47898e+08,9.95328e+08,0.45,24.3916,62.6493,9.49625,7.14929,1.928,TDP_ESTIMATE,PASS
sobel,3,4k,3840,2160,3,omp-rows,1,static,64,10,0.484016706,0.391944762,0.15265316,0.315388,0.809918,0.809918,23.47,4.47898e+08,9.95328e+08,0.45,15.472,31.965,7.48869,14.0121,0.9835,TDP_ESTIMATE,PASS
sobel,3,4k,3840,2160,3,omp-rows,2,static,64,10,0.379665929,0.374496173,0.0112728636,0.0296915,1.03252,0.516262,0,4.47898e+08,9.95328e+08,0.45,24.1293,63.552,9.16108,7.04773,1.955,TDP_ESTIMATE,PASS
sobel,3,4k,3840,2160,3,omp-tiled,1,-,0,10,0.72129343,0.587024586,0.217371022,0.301363,0.543488,0.543488,84,4.47898e+08,9.95328e+08,0.45,23.1823,32.1395,16.7213,13.9361,0.9889,TDP_ESTIMATE,PASS
sobel,3,4k,3840,2160,3,omp-tiled,2,-,0,10,0.608445701,0.603969746,0.0209806839,0.0344824,0.644288,0.322144,0,4.47898e+08,9.95328e+08,0.45,38.4546,63.2003,23.3975,7.08695,1.945,TDP_ESTIMATE,PASS
sobel,3,8k,7680,4320,3,seq,1,-,0,10,1.76458506,1.57816397,0.366020187,0.207426,0.975149,0.975149,2.548,1.79159e+09,3.98131e+09,0.45,56.9013,32.246,100.407,55.56,0.9922,TDP_ESTIMATE,PASS
sobel,3,8k,7680,4320,3,pthreads,1,-,0,10,1.79243679,1.58065459,0.456541359,0.254704,0.959997,0.959997,4.167,1.79159e+09,3.98131e+09,0.45,57.8664,32.2834,103.722,55.4956,0.9933,TDP_ESTIMATE,PASS
sobel,3,8k,7680,4320,3,pthreads,2,-,0,10,1.72970844,1.57485491,0.320730244,0.185424,0.994812,0.497406,0,1.79159e+09,3.98131e+09,0.45,98.7941,57.1157,170.885,31.3677,1.757,TDP_ESTIMATE,PASS
sobel,3,8k,7680,4320,3,omp-rows,1,static,64,10,1.81499286,1.532243,0.425756756,0.234578,0.948067,0.948067,5.478,1.79159e+09,3.98131e+09,0.45,58.4035,32.1782,106.002,55.6772,0.9901,TDP_ESTIMATE,PASS
sobel,3,8k,7680,4320,3,omp-rows,2,static,64,10,1.69577479,1.57462243,0.367253007,0.216569,1.01472,0.507359,0,1.79159e+09,3.98131e+09,0.45,97.0818,57.2488,164.629,31.2948,1.762,TDP_ESTIMATE,PASS
sobel,3,8k,7680,4320,3,omp-tiled,1,-,0,10,2.59005824,2.2971635,0.623594943,0.240765,0.664361,0.664361,50.52,1.79159e+09,3.98131e+09,0.45,83.5018,32.2392,216.274,55.5718,0.992,TDP_ESTIMATE,PASS
sobel,3,8k,7680,4320,3,omp-tiled,2,-,0,10,2.73155305,2.46040172,0.582630997,0.213297,0.629947,0.314974,0,1.79159e+09,3.98131e+09,0.45,151.749,55.5539,414.51,32.2496,1.709,TDP_ESTIMATE,PASS
gaussian,3,2k,2560,1440,3,seq,1,-,0,10,0.171888914,0.169575691,0.00634871037,0.036935,1.01431,1.01431,-1.411,1.99066e+08,4.42368e+08,0.45,5.58351,32.4814,0.959744,6.1286,0.9994,TDP_ESTIMATE,PASS
gaussian,3,2k,2560,1440,3,pthreads,1,-,0,10,0.307058006,0.32124996,0.0450388133,0.146679,0.567804,0.567804,76.12,1.99066e+08,4.42368e+08,0.45,9.76606,31.8041,2.99875,6.25912,0.9786,TDP_ESTIMATE,PASS
gaussian,3,2k,2560,1440,3,pthreads,2,-,0,10,0.174279901,0.169412714,0.00911490249,0.0523004,1.0004,0.500198,0,1.99066e+08,4.42368e+08,0.45,10.8775,62.4103,1.89573,3.18963,1.92,TDP_ESTIMATE,PASS
gaussian,3,2k,2560,1440,3,omp-rows,1,static,64,10,0.170466215,0.168058085,0.00694190404,0.040723,1.02278,1.02278,-2.227,1.99066e+08,4.42368e+08,0.45,5.53629,32.4756,0.943751,6.12971,0.9992,TDP_ESTIMATE,PASS
gaussian,3,2k,2560,1440,3,omp-rows,2,static,64,10,0.1762643,0.173128529,0.0124722923,0.070759,0.989133,0.494566,0,1.99066e+08,4.42368e+08,0.45,11.0705,62.8014,1.95134,3.16977,1.932,TDP_ESTIMATE,PASS
gaussian,3,2k,2560,1440,3,omp-tiled,1,-,0,10,0.253846494,0.251732911,0.00633243239,0.0249459,0.686828,0.686828,45.6,1.99066e+08,4.42368e+08,0.45,8.23877,32.4545,2.09138,6.13369,0.9986,TDP_ESTIMATE,PASS
gaussian,3,2k,2560,1440,3,omp-tiled,2,-,0,10,0.414080036,0.416252927,0.0734334902,0.177341,0.421051,0.210525,0,1.99066e+08,4.42368e+08,0.45,16.4708,39.7758,6.82022,5.00469,1.224,TDP_ESTIMATE,PASS
gaussian,3,4k,3840,2160,3,seq,1,-,0,10,0.389717295,0.386171037,0.00874326128,0.0224349,0.998872,0.998872,0.1129,4.47898e+08,9.95328e+08,0.45,12.6584,32.48,4.93318,13.7899,0.9994,TDP_ESTIMATE,PASS
gaussian,3,4k,3840,2160,3,pthreads,1,-,0,10,0.464741693,0.399615354,0.136551447,0.293822,0.837622,0.837622,19.39,4.47898e+08,9.95328e+08,0.45,14.9121,32.0862,6.9303,13.9592,0.9873,TDP_ESTIMATE,PASS
gaussian,3,4k,3840,2160,3,pthreads,2,-,0,10,0.38797259,0.384507428,0.00928528116,0.0239328,1.00336,0.501682,0,4.47898e+08,9.95328e+08,0.45,24.2793,62.5783,9.41969,7.15739,1.925,TDP_ESTIMATE,PASS
gaussian,3,4k,3840,2160,3,omp-rows,1,static,64,10,0.524996737,0.463459051,0.153068493,0.291561,0.741486,0.741486,34.86,4.47898e+08,9.95328e+08,0.45,16.856,32.1063,8.84937,13.9505,0.9879,TDP_ESTIMATE,PASS
gaussian,3,4k,3840,2160,3,omp-rows,2,static,64,10,0.39053368,0.384916087,0.0204601364,0.0523902,0.996784,0.498392,0,4.47898e+08,9.95328e+08,0.45,24.781,63.4516,9.6778,7.05888,1.952,TDP_ESTIMATE,PASS
gaussian,3,4k,3840,2160,3,omp-tiled,1,-,0,10,0.724330438,0.592214322,0.215784851,0.297909,0.537431,0.537431,86.07,4.47898e+08,9.95328e+08,0.45,23.2403,32.0848,16.8337,13.9598,0.9872,TDP_ESTIMATE,PASS
gaussian,3,4k,3840,2160,3,omp-tiled,2,-,0,10,0.60746433,0.601460091,0.0169860334,0.0279622,0.640824,0.320412,0,4.47898e+08,9.95328e+08,0.45,38.2822,63.0185,23.2551,7.1074,1.939,TDP_ESTIMATE,PASS
gaussian,3,8k,7680,4320,3,seq,1,-,0,10,1.87166646,1.61228983,0.48098986,0.256985,0.917081,0.917081,9.042,1.79159e+09,3.98131e+09,0.45,60.2099,32.1689,112.693,55.6932,0.9898,TDP_ESTIMATE,PASS
gaussian,3,8k,7680,4320,3,pthreads,1,-,0,10,1.72108182,1.57321602,0.368120845,0.213889,0.99732,0.99732,0.2687,1.79159e+09,3.98131e+09,0.45,55.5055,32.2501,95.5295,55.553,0.9923,TDP_ESTIMATE,PASS
gaussian,3,8k,7680,4320,3,pthreads,2,-,0,10,1.73631753,1.5950922,0.306355714,0.17644,0.988569,0.494284,0,1.79159e+09,3.98131e+09,0.45,98.5116,56.7357,171.047,31.5779,1.746,TDP_ESTIMATE,PASS
gaussian,3,8k,7680,4320,3,omp-rows,1,static,64,10,1.71536204,1.55053294,0.327658337,0.191014,1.00065,1.00065,-0.06449,1.79159e+09,3.98131e+09,0.45,55.2531,32.2106,94.7791,55.6212,0.9911,TDP_ESTIMATE,PASS
gaussian,3,8k,7680,4320,3,omp-rows,2,static,64,10,1.71219825,1.56170112,0.321048252,0.187506,1.00249,0.501247,0,1.79159e+09,3.98131e+09,0.45,96.8953,56.5908,165.904,31.6587,1.741,TDP_ESTIMATE,PASS
gaussian,3,8k,7680,4320,3,omp-tiled,1,-,0,10,2.59718546,2.32295611,0.434014814,0.16711,0.660896,0.660896,51.31,1.79159e+09,3.98131e+09,0.45,83.7784,32.2572,217.588,55.5407,0.9925,TDP_ESTIMATE,PASS
gaussian,3,8k,7680,4320,3,omp-tiled,2,-,0,10,2.72191736,2.4734638,0.481725845,0.17698,0.63061,0.315305,0,1.79159e+09,3.98131e+09,0.45,150.785,55.3965,410.425,32.3412,1.705,TDP_ESTIMATE,PASS
gaussian,7,2k,2560,1440,3,seq,1,-,0,10,0.78912584,0.789726822,0.00979987165,0.0124186,1.04669,1.04669,-4.461,1.0838e+09,2.21184e+09,0.49,25.6213,32.4676,20.2185,33.3811,0.999,TDP_ESTIMATE,PASS
gaussian,7,2k,2560,1440,3,pthreads,1,-,0,10,0.918788522,0.786297596,0.24324027,0.26474,0.898978,0.898978,11.24,1.0838e+09,2.21184e+09,0.49,29.5786,32.1927,27.1765,33.6661,0.9905,TDP_ESTIMATE,PASS
gaussian,7,2k,2560,1440,3,pthreads,2,-,0,10,0.918580857,0.789143072,0.216585836,0.235783,0.899181,0.449591,0,1.0838e+09,2.21184e+09,0.49,47.7784,52.0127,43.8883,20.8372,1.6,TDP_ESTIMATE,PASS
gaussian,7,2k,2560,1440,3,omp-rows,1,static,64,10,0.924861107,0.797079647,0.227365424,0.245837,0.893076,0.893076,11.97,1.0838e+09,2.21184e+09,0.49,29.8309,32.2541,27.5894,33.602,0.9924,TDP_ESTIMATE,PASS
gaussian,7,2k,2560,1440,3,omp-rows,2,static,64,10,0.761530064,0.759779695,0.0111035633,0.0145806,1.08462,0.54231,0,1.0838e+09,2.21184e+09,0.49,48.181,63.2676,36.6913,17.1304,1.947,TDP_ESTIMATE,PASS
gaussian,7,2k,2560,1440,3,omp-tiled,1,-,0,10,1.09290254,1.04975566,0.129468484,0.118463,0.755759,0.755759,32.32,1.0838e+09,2.21184e+09,0.49,35.3685,32.3617,38.6543,33.4903,0.9957,TDP_ESTIMATE,PASS
gaussian,7,2k,2560,1440,3,omp-tiled,2,-,0,10,1.21522797,1.11468811,0.258976321,0.213109,0.679684,0.339842,0,1.0838e+09,2.21184e+09,0.49,69.6324,57.2994,84.6192,18.9147,1.763,TDP_ESTIMATE,PASS
gaussian,7,4k,3840,2160,3,seq,1,-,0,10,1.91189031,1.78863389,0.381493593,0.199537,1.05753,1.05753,-5.44,2.43855e+09,4.97664e+09,0.49,61.7647,32.3054,118.087,75.4845,0.994,TDP_ESTIMATE,PASS
gaussian,7,4k,3840,2160,3,pthreads,1,-,0,10,1.90961701,1.77743261,0.404705591,0.21193,1.05879,1.05879,-5.552,2.43855e+09,4.97664e+09,0.49,61.6928,32.3061,117.81,75.4826,0.994,TDP_ESTIMATE,PASS
gaussian,7,4k,3840,2160,3,pthreads,2,-,0,10,1.98209524,1.72692216,0.434878931,0.219404,1.02007,0.510035,0,2.43855e+09,4.97664e+09,0.49,107.113,54.0403,212.309,45.1247,1.663,TDP_ESTIMATE,PASS
gaussian,7,4k,3840,2160,3,omp-rows,1,static,64,10,2.07090747,1.81486892,0.449372632,0.216993,0.976323,0.976323,2.425,2.43855e+09,4.97664e+09,0.49,66.6937,32.2049,138.116,75.72,0.9909,TDP_ESTIMATE,PASS
gaussian,7,4k,3840,2160,3,omp-rows,2,static,64,10,1.89523765,1.75803201,0.309063287,0.163074,1.06682,0.533409,0,2.43855e+09,4.97664e+09,0.49,109.139,57.5855,206.844,42.3466,1.772,TDP_ESTIMATE,PASS
gaussian,7,4k,3840,2160,3,omp-tiled,1,-,0,10,2.67686916,2.3873594,0.613172723,0.229063,0.755313,0.755313,32.4,2.43855e+09,4.97664e+09,0.49,86.1919,32.1986,230.725,75.7347,0.9907,TDP_ESTIMATE,PASS
gaussian,7,4k,3840,2160,3,omp-tiled,2,-,0,10,2.78849542,2.5313347,0.554969329,0.199021,0.725077,0.362539,0,2.43855e+09,4.97664e+09,0.49,155.475,55.7556,433.541,43.7365,1.716,TDP_ESTIMATE,PASS
gaussian,7,8k,7680,4320,3,seq,1,-,0,10,8.00495716,8.1650651,0.570871033,0.0713147,0.992674,0.992674,0.738,9.75421e+09,1.99066e+10,0.49,258.207,32.2558,2066.94,302.402,0.9925,TDP_ESTIMATE,PASS
gaussian,7,8k,7680,4320,3,pthreads,1,-,0,10,7.92073585,8.39309237,0.668349563,0.0843797,1.00323,1.00323,-0.3219,9.75421e+09,1.99066e+10,0.49,255.563,32.265,2024.25,302.316,0.9928,TDP_ESTIMATE,PASS
gaussian,7,8k,7680,4320,3,pthreads,2,-,0,10,7.70836218,7.6483481,0.629232968,0.0816299,1.03087,0.515435,0,9.75421e+09,1.99066e+10,0.49,433.373,56.221,3340.59,173.498,1.73,TDP_ESTIMATE,PASS
gaussian,7,8k,7680,4320,3,omp-rows,1,static,64,10,7.98006017,8.48833647,0.693733854,0.0869334,0.995771,0.995771,0.4247,9.75421e+09,1.99066e+10,0.49,257.679,32.2903,2056.3,302.078,0.9935,TDP_ESTIMATE,PASS
gaussian,7,8k,7680,4320,3,omp-rows,2,static,64,10,7.73570084,8.03037987,0.625096839,0.0808067,1.02723,0.513613,0,9.75421e+09,1.99066e+10,0.49,431.777,55.816,3340.1,174.757,1.717,TDP_ESTIMATE,PASS
gaussian,7,8k,7680,4320,3,omp-tiled,1,-,0,10,10.6701129,10.9768653,0.595681118,0.0558271,0.744726,0.744726,34.28,9.75421e+09,1.99066e+10,0.49,344.27,32.2649,3673.4,302.317,0.9928,TDP_ESTIMATE,PASS
gaussian,7,8k,7680,4320,3,omp-tiled,2,-,0,10,11.2132819,11.3596572,0.408266401,0.0364092,0.708652,0.354326,0,9.75421e+09,1.99066e+10,0.49,624.276,55.6728,7000.18,175.206,1.713,TDP_ESTIMATE,PASS
gaussian,11,2k,2560,1440,3,seq,1,-,0,10,2.25607056,2.08309856,0.32365101,0.143458,1.02673,1.02673,-2.603,2.67633e+09,5.39689e+09,0.495902,72.8086,32.2721,164.261,82.93,0.993,TDP_ESTIMATE,PASS
gaussian,11,2k,2560,1440,3,pthreads,1,-,0,10,2.18994505,2.07750178,0.276558779,0.126286,1.05773,1.05773,-5.458,2.67633e+09,5.39689e+09,0.495902,70.815,32.3362,155.081,82.7656,0.995,TDP_ESTIMATE,PASS
gaussian,11,2k,2560,1440,3,pthreads,2,-,0,10,1.93985121,1.78997208,0.33242134,0.171364,1.1941,0.597048,0,2.67633e+09,5.39689e+09,0.495902,112.243,57.8612,217.734,46.2543,1.78,TDP_ESTIMATE,PASS
gaussian,11,2k,2560,1440,3,omp-rows,1,static,64,10,2.32653853,2.10893925,0.421209755,0.181046,0.995628,0.995628,0.4391,2.67633e+09,5.39689e+09,0.495902,75.0375,32.2527,174.578,82.9799,0.9924,TDP_ESTIMATE,PASS
gaussian,11,2k,2560,1440,3,omp-rows,2,static,64,10,2.05613251,1.79950951,0.456909356,0.222218,1.12657,0.563283,0,2.67633e+09,5.39689e+09,0.495902,112.099,54.519,230.49,49.0898,1.678,TDP_ESTIMATE,PASS
gaussian,11,2k,2560,1440,3,omp-tiled,1,-,0,10,2.75057662,2.47996617,0.488596058,0.177634,0.842139,0.842139,18.75,2.67633e+09,5.39689e+09,0.495902,88.6987,32.2472,243.973,82.9941,0.9922,TDP_ESTIMATE,PASS
gaussian,11,2k,2560,1440,3,omp-tiled,2,-,0,10,2.87742747,2.61880981,0.560681134,0.194855,0.805013,0.402507,0,2.67633e+09,5.39689e+09,0.495902,159.856,55.5548,459.973,48.1746,1.709,TDP_ESTIMATE,PASS
gaussian,11,4k,3840,2160,3,seq,1,-,0,10,5.15061829,4.94009242,0.50680671,0.0983973,1.00037,1.00037,-0.03711,6.02173e+09,1.2143e+10,0.495902,166.111,32.2507,855.575,186.717,0.9923,TDP_ESTIMATE,PASS
gaussian,11,4k,3840,2160,3,pthreads,1,-,0,10,5.0638439,4.8503907,0.475892224,0.0939785,1.01751,1.01751,-1.721,6.02173e+09,1.2143e+10,0.495902,163.413,32.2704,827.495,186.603,0.9929,TDP_ESTIMATE,PASS
gaussian,11,4k,3840,2160,3,pthreads,2,-,0,10,4.49189632,4.09141311,0.694017118,0.154504,1.14707,0.573536,0,6.02173e+09,1.2143e+10,0.495902,253.448,56.4232,1138.46,106.724,1.736,TDP_ESTIMATE,PASS
gaussian,11,4k,3840,2160,3,omp-rows,1,static,64,10,5.16422846,5.20621462,0.451204758,0.0873712,0.997735,0.997735,0.227,6.02173e+09,1.2143e+10,0.495902,166.697,32.2791,860.861,186.552,0.9932,TDP_ESTIMATE,PASS
gaussian,11,4k,3840,2160,3,omp-rows,2,static,64,10,4.50460803,4.06129904,0.745556364,0.16551,1.14384,0.571918,0,6.02173e+09,1.2143e+10,0.495902,254.223,56.4361,1145.18,106.7,1.736,TDP_ESTIMATE,PASS
gaussian,11,4k,3840,2160,3,omp-tiled,1,-,0,10,6.63188449,6.23984669,1.33318625,0.201027,0.776933,0.776933,28.71,6.02173e+09,1.2143e+10,0.495902,212.538,32.0478,1409.52,187.899,0.9861,TDP_ESTIMATE,PASS
gaussian,11,4k,3840,2160,3,omp-tiled,2,-,0,10,6.4314668,6.30125177,0.571411347,0.0888462,0.801144,0.400572,0,6.02173e+09,1.2143e+10,0.495902,364.398,56.6586,2343.62,106.281,1.743,TDP_ESTIMATE,PASS
gaussian,11,8k,7680,4320,3,seq,1,-,0,10,20.5457501,20.5855485,0.513412786,0.0249888,1.00547,1.00547,-0.5442,2.40869e+10,4.8572e+10,0.495902,662.548,32.2474,13612.5,746.941,0.9922,TDP_ESTIMATE,PASS
gaussian,11,8k,7680,4320,3,pthreads,1,-,0,10,20.564732,20.6662387,0.45315788,0.0220357,1.00454,1.00454,-0.4523,2.40869e+10,4.8572e+10,0.495902,663.441,32.2611,13643.5,746.625,0.9926,TDP_ESTIMATE,PASS
gaussian,11,8k,7680,4320,3,pthreads,2,-,0,10,18.0368803,17.8620133,0.48867661,0.0270932,1.14533,0.572665,0,2.40869e+10,4.8572e+10,0.495902,1018.59,56.4726,18372.2,426.524,1.738,TDP_ESTIMATE,PASS
gaussian,11,8k,7680,4320,3,omp-rows,1,static,64,10,20.7218558,20.9390949,0.527198676,0.0254417,0.996927,0.996927,0.3083,2.40869e+10,4.8572e+10,0.495902,668.366,32.2541,13849.8,746.786,0.9924,TDP_ESTIMATE,PASS
gaussian,11,8k,7680,4320,3,omp-rows,2,static,64,10,17.9437493,17.816584,0.453069393,0.0252494,1.15127,0.575637,0,2.40869e+10,4.8572e+10,0.495902,1016.77,56.6641,18244.6,425.083,1.744,TDP_ESTIMATE,PASS
gaussian,11,8k,7680,4320,3,omp-tiled,1,-,0,10,24.7898786,24.8900531,0.28311837,0.0114207,0.833331,0.833331,20,2.40869e+10,4.8572e+10,0.495902,799.031,32.2321,19807.9,747.295,0.9918,TDP_ESTIMATE,PASS
gaussian,11,8k,7680,4320,3,omp-tiled,2,-,0,10,26.1615305,26.2277554,0.364342836,0.0139267,0.789639,0.39482,0,2.40869e+10,4.8572e+10,0.495902,1469.05,56.1531,38432.6,428.951,1.728,TDP_ESTIMATE,PASS
gaussian,15,2k,2560,1440,3,seq,1,-,0,10,4.19692653,3.89331019,0.489155022,0.116551,1.0048,1.0048,-0.4782,4.97664e+09,9.99752e+09,0.497788,135.22,32.2186,567.506,154.465,0.9913,TDP_ESTIMATE,PASS
gaussian,15,2k,2560,1440,3,pthreads,1,-,0,10,4.21668375,3.95501387,0.464134672,0.110071,1.0001,1.0001,-0.009695,4.97664e+09,9.99752e+09,0.497788,135.71,32.1841,572.248,154.631,0.9903,TDP_ESTIMATE,PASS
gaussian,15,2k,2560,1440,3,pthreads,2,-,0,10,3.59077133,3.28590078,0.536170391,0.149319,1.17443,0.587213,0,4.97664e+09,9.99752e+09,0.497788,199.028,55.4274,714.663,89.7866,1.705,TDP_ESTIMATE,PASS
gaussian,15,2k,2560,1440,3,omp-rows,1,static,64,10,4.1695341,3.88725181,0.469526677,0.112609,1.01141,1.01141,-1.128,4.97664e+09,9.99752e+09,0.497788,134.564,32.2731,561.07,154.204,0.993,TDP_ESTIMATE,PASS
gaussian,15,2k,2560,1440,3,omp-rows,2,static,64,10,3.50870009,3.22184643,0.561130679,0.159926,1.2019,0.600948,0,4.97664e+09,9.99752e+09,0.497788,200.072,57.0214,701.991,87.2768,1.755,TDP_ESTIMATE,PASS
gaussian,15,2k,2560,1440,3,omp-tiled,1,-,0,10,4.87100136,4.43665564,0.672988683,0.138162,0.865755,0.865755,15.51,4.97664e+09,9.99752e+09,0.497788,157.265,32.2858,766.036,154.143,0.9934,TDP_ESTIMATE,PASS
gaussian,15,2k,2560,1440,3,omp-tiled,2,-,0,10,5.15126949,4.78561615,0.593337359,0.115183,0.818651,0.409326,0,4.97664e+09,9.99752e+09,0.497788,287.105,55.7348,1478.96,89.2915,1.715,TDP_ESTIMATE,PASS
gaussian,15,4k,3840,2160,3,seq,1,-,0,10,9.50933248,9.66603884,0.284016851,0.0298672,1.00387,1.00387,-0.3857,1.11974e+10,2.24944e+10,0.497788,306.4,32.2209,2913.66,347.521,0.9914,TDP_ESTIMATE,PASS
gaussian,15,4k,3840,2160,3,pthreads,1,-,0,10,9.51488919,9.67790032,0.411626912,0.0432613,1.00329,1.00329,-0.3275,1.11974e+10,2.24944e+10,0.497788,306.72,32.2357,2918.4,347.361,0.9919,TDP_ESTIMATE,PASS
gaussian,15,4k,3840,2160,3,pthreads,2,-,0,10,7.99669649,8.36469028,0.635916641,0.0795224,1.19376,0.596881,0,1.11974e+10,2.24944e+10,0.497788,450.583,56.3461,3603.18,198.726,1.734,TDP_ESTIMATE,PASS
gaussian,15,4k,3840,2160,3,omp-rows,1,static,64,10,9.63406638,9.77734752,0.388424315,0.0403178,0.990874,0.990874,0.921,1.11974e+10,2.24944e+10,0.497788,309.962,32.1735,2986.19,348.033,0.99,TDP_ESTIMATE,PASS
gaussian,15,4k,3840,2160,3,omp-rows,2,static,64,10,8.02208941,8.20455439,0.567617552,0.0707568,1.18998,0.594991,0,1.11974e+10,2.24944e+10,0.497788,452.624,56.4221,3630.99,198.458,1.736,TDP_ESTIMATE,PASS
gaussian,15,4k,3840,2160,3,omp-tiled,1,-,0,10,10.9901886,11.1032986,0.331721993,0.0301835,0.868607,0.868607,15.13,1.11974e+10,2.24944e+10,0.497788,354.243,32.2326,3893.2,347.395,0.9918,TDP_ESTIMATE,PASS
gaussian,15,4k,3840,2160,3,omp-tiled,2,-,0,10,11.8653014,11.7037151,0.687491305,0.0579413,0.804543,0.402272,0,1.11974e+10,2.24944e+10,0.497788,655.487,55.244,7777.55,202.691,1.7,TDP_ESTIMATE,PASS
gaussian,15,8k,7680,4320,3,seq,1,-,0,10,38.1943877,38.0595222,0.346224566,0.0090648,1.00346,1.00346,-0.3446,4.47898e+10,8.99777e+10,0.497788,1231.68,32.2477,47043.4,1388.93,0.9922,TDP_ESTIMATE,PASS
gaussian,15,8k,7680,4320,3,pthreads,1,-,0,10,38.1362524,38.0938821,0.200522883,0.00525806,1.00499,1.00499,-0.4963,4.47898e+10,8.99777e+10,0.497788,1229.76,32.2465,46898.4,1388.98,0.9922,TDP_ESTIMATE,PASS
gaussian,15,8k,7680,4320,3,pthreads,2,-,0,10,32.0850019,32.0533133,0.540189834,0.0168362,1.19453,0.597265,0,4.47898e+10,8.99777e+10,0.497788,1810.93,56.4415,58103.5,793.561,1.737,TDP_ESTIMATE,PASS
gaussian,15,8k,7680,4320,3,omp-rows,1,static,64,10,38.5806234,38.3283926,0.753819445,0.0195388,0.993413,0.993413,0.6631,4.47898e+10,8.99777e+10,0.497788,1243.41,32.229,47971.7,1389.74,0.9917,TDP_ESTIMATE,PASS
gaussian,15,8k,7680,4320,3,omp-rows,2,static,64,10,32.196771,31.8752229,0.709582978,0.0220389,1.19038,0.595191,0,4.47898e+10,8.99777e+10,0.497788,1821.62,56.5776,58650.2,791.652,1.741,TDP_ESTIMATE,PASS
gaussian,15,8k,7680,4320,3,omp-tiled,1,-,0,10,44.065541,43.8616058,0.658668326,0.0149475,0.869761,0.869761,14.97,4.47898e+10,8.99777e+10,0.497788,1420.13,32.2276,62578.7,1389.79,0.9916,TDP_ESTIMATE,PASS
gaussian,15,8k,7680,4320,3,omp-tiled,2,-,0,10,46.4312014,46.2946753,0.726553967,0.015648,0.825447,0.412723,0,4.47898e+10,8.99777e+10,0.497788,2610.82,56.2298,121223,796.549,1.73,TDP_ESTIMATE,PASS
box,3,2k,2560,1440,3,seq,1,-,0,10,0.174407681,0.171827506,0.00606340321,0.0347657,1.16338,1.16338,-14.04,1.99066e+08,4.42368e+08,0.45,5.66409,32.474,0.987861,6.12999,0.9992,TDP_ESTIMATE,PASS
box,3,2k,2560,1440,3,pthreads,1,-,0,10,0.17569197,0.171405789,0.00875087698,0.0498081,1.15488,1.15488,-13.41,1.99066e+08,4.42368e+08,0.45,5.69803,32.4299,1.0011,6.13834,0.9978,TDP_ESTIMATE,PASS
box,3,2k,2560,1440,3,pthreads,2,-,0,10,0.172605301,0.169254339,0.00588492387,0.0340947,1.17553,0.587764,0,1.99066e+08,4.42368e+08,0.45,10.8496,62.8549,1.8727,3.16707,1.934,TDP_ESTIMATE,PASS
box,3,2k,2560,1440,3,omp-rows,1,static,64,10,0.171131184,0.168224733,0.00942973419,0.0551024,1.18565,1.18565,-15.66,1.99066e+08,4.42368e+08,0.45,5.55151,32.4381,0.950037,6.13679,0.9981,TDP_ESTIMATE,PASS
box,3,2k,2560,1440,3,omp-rows,2,static,64,10,0.292280933,0.300319839,0.0325413859,0.111336,0.694204,0.347102,0,1.99066e+08,4.42368e+08,0.45,10.6917,36.5794,3.12498,5.44201,1.126,TDP_ESTIMATE,PASS
box,3,2k,2560,1440,3,omp-tiled,1,-,0,10,0.25471025,0.254293703,0.00579517593,0.022752,0.796601,0.796601,25.53,1.99066e+08,4.42368e+08,0.45,8.2672,32.4561,2.10574,6.13338,0.9986,TDP_ESTIMATE,PASS
box,3,2k,2560,1440,3,omp-tiled,2,-,0,10,0.267970512,0.265068999,0.00660551174,0.0246501,0.757182,0.378591,0,1.99066e+08,4.42368e+08,0.45,16.9075,63.0922,4.53071,3.15515,1.941,TDP_ESTIMATE,PASS
box,3,4k,3840,2160,3,seq,1,-,0,10,0.393207289,0.385539766,0.0119559848,0.0304063,1.3447,1.3447,-25.63,4.47898e+08,9.95328e+08,0.45,12.7363,32.3898,5.008,13.8283,0.9966,TDP_ESTIMATE,PASS
box,3,4k,3840,2160,3,pthreads,1,-,0,10,0.398169239,0.398939616,0.0120005731,0.0301394,1.32794,1.32794,-24.7,4.47898e+08,9.95328e+08,0.45,12.9106,32.4237,5.14061,13.8139,0.9977,TDP_ESTIMATE,PASS
box,3,4k,3840,2160,3,pthreads,2,-,0,10,0.515909563,0.437756922,0.130496317,0.252944,1.02488,0.512441,0,4.47898e+08,9.95328e+08,0.45,25.1187,48.6873,12.959,9.19948,1.498,TDP_ESTIMATE,PASS
box,3,4k,3840,2160,3,omp-rows,1,static,64,10,0.390354711,0.386483611,0.0101439867,0.0259866,1.35453,1.35453,-26.17,4.47898e+08,9.95328e+08,0.45,12.6481,32.4008,4.93726,13.8237,0.9969,TDP_ESTIMATE,PASS
box,3,4k,3840,2160,3,omp-rows,2,static,64,10,0.528795681,0.519617508,0.133345468,0.252168,0.999907,0.499953,0,4.47898e+08,9.95328e+08,0.45,24.4338,46.2048,12.9205,9.69376,1.422,TDP_ESTIMATE,PASS
box,3,4k,3840,2160,3,omp-tiled,1,-,0,10,0.587608128,0.588746403,0.0102277506,0.0174057,0.899828,0.899828,11.13,4.47898e+08,9.95328e+08,0.45,19.0368,32.3966,11.1862,13.8254,0.9968,TDP_ESTIMATE,PASS
box,3,4k,3840,2160,3,omp-tiled,2,-,0,10,0.775133973,0.687176595,0.190636807,0.24594,0.682135,0.341068,0,4.47898e+08,9.95328e+08,0.45,38.7957,50.0496,30.0719,8.94908,1.54,TDP_ESTIMATE,PASS
box,3,8k,7680,4320,3,seq,1,-,0,10,1.75058145,1.59405218,0.325816846,0.186119,1.0641,1.0641,-6.024,1.79159e+09,3.98131e+09,0.45,56.5088,32.2798,98.9233,55.5019,0.9932,TDP_ESTIMATE,PASS
box,3,8k,7680,4320,3,pthreads,1,-,0,10,1.72865825,1.58643563,0.44303853,0.25629,1.0776,1.0776,-7.201,1.79159e+09,3.98131e+09,0.45,55.8123,32.2863,96.4803,55.4908,0.9934,TDP_ESTIMATE,PASS
box,3,8k,7680,4320,3,pthreads,2,-,0,10,1.83361983,1.59856453,0.424621488,0.231576,1.01592,0.507958,0,1.79159e+09,3.98131e+09,0.45,98.4556,53.6942,180.53,33.3665,1.652,TDP_ESTIMATE,PASS
box,3,8k,7680,4320,3,omp-rows,1,static,64,10,1.67259011,1.53724254,0.289052054,0.172817,1.11372,1.11372,-10.21,1.79159e+09,3.98131e+09,0.45,53.994,32.2814,90.3098,55.4991,0.9933,TDP_ESTIMATE,PASS
box,3,8k,7680,4320,3,omp-rows,2,static,64,10,1.80146241,1.64940753,0.410815661,0.228046,1.03405,0.517025,0,1.79159e+09,3.98131e+09,0.45,96.0334,53.3083,173.001,33.6081,1.64,TDP_ESTIMATE,PASS
box,3,8k,7680,4320,3,omp-tiled,1,-,0,10,2.6009618,2.34489115,0.35867579,0.137901,0.716198,0.716198,39.63,1.79159e+09,3.98131e+09,0.45,83.9286,32.2682,218.295,55.5219,0.9929,TDP_ESTIMATE,PASS
box,3,8k,7680,4320,3,omp-tiled,2,-,0,10,2.64647895,2.45900983,0.337947455,0.127697,0.70388,0.35194,0,1.79159e+09,3.98131e+09,0.45,150.74,56.9584,398.93,31.4543,1.753,TDP_ESTIMATE,PASS
box,7,2k,2560,1440,3,seq,1,-,0,10,0.850664711,0.792346955,0.186473817,0.21921,0.925729,0.925729,8.023,1.0838e+09,2.21184e+09,0.49,27.4616,32.2821,23.3606,33.5729,0.9933,TDP_ESTIMATE,PASS
box,7,2k,2560,1440,3,pthreads,1,-,0,10,0.910851444,0.785274025,0.23770329,0.260968,0.86456,0.86456,15.67,1.0838e+09,2.21184e+09,0.49,29.3296,32.1998,26.7149,33.6586,0.9908,TDP_ESTIMATE,PASS
box,7,2k,2560,1440,3,pthreads,2,-,0,10,0.911241062,0.808699611,0.195209047,0.214223,0.86419,0.432095,0,1.0838e+09,2.21184e+09,0.49,47.7152,52.3623,43.4801,20.6981,1.611,TDP_ESTIMATE,PASS
box,7,2k,2560,1440,3,omp-rows,1,static,64,10,0.903368098,0.794597103,0.240418877,0.266136,0.871721,0.871721,14.72,1.0838e+09,2.21184e+09,0.49,29.133,32.2491,26.3179,33.6072,0.9923,TDP_ESTIMATE,PASS
box,7,2k,2560,1440,3,omp-rows,2,static,64,10,0.77854987,0.766686857,0.0295250911,0.0379232,1.01148,0.505739,0,1.0838e+09,2.21184e+09,0.49,49.2301,63.2323,38.3281,17.14,1.946,TDP_ESTIMATE,PASS
box,7,2k,2560,1440,3,omp-tiled,1,-,0,10,1.10702567,1.06167972,0.101422908,0.0916175,0.711352,0.711352,40.58,1.0838e+09,2.21184e+09,0.49,35.8274,32.3633,39.6618,33.4886,0.9958,TDP_ESTIMATE,PASS
box,7,2k,2560,1440,3,omp-tiled,2,-,0,10,1.2273971,1.13439316,0.241829613,0.197026,0.64159,0.320795,0,1.0838e+09,2.21184e+09,0.49,70.6496,57.5599,86.7151,18.8291,1.771,TDP_ESTIMATE,PASS
box,7,4k,3840,2160,3,seq,1,-,0,10,1.92366624,1.80107574,0.308593761,0.16042,1.0471,1.0471,-4.498,2.43855e+09,4.97664e+09,0.49,61.9778,32.2184,119.225,75.6883,0.9913,TDP_ESTIMATE,PASS
box,7,4k,3840,2160,3,pthreads,1,-,0,10,1.90595299,1.78724584,0.267188536,0.140186,1.05683,1.05683,-5.377,2.43855e+09,4.97664e+09,0.49,61.5724,32.3051,117.354,75.485,0.994,TDP_ESTIMATE,PASS
box,7,4k,3840,2160,3,pthreads,2,-,0,10,1.91275342,1.7564333,0.295463112,0.15447,1.05307,0.526536,0,2.43855e+09,4.97664e+09,0.49,108.91,56.9386,208.318,42.8278,1.752,TDP_ESTIMATE,PASS
box,7,4k,3840,2160,3,omp-rows,1,static,64,10,2.05040537,1.81915461,0.41960729,0.204646,0.982375,0.982375,1.794,2.43855e+09,4.97664e+09,0.49,65.8913,32.1356,135.104,75.8833,0.9888,TDP_ESTIMATE,PASS
box,7,4k,3840,2160,3,omp-rows,2,static,64,10,1.95526405,1.74270725,0.402593055,0.205902,1.03018,0.515088,0,2.43855e+09,4.97664e+09,0.49,108.36,55.4192,211.872,44.002,1.705,TDP_ESTIMATE,PASS
box,7,4k,3840,2160,3,omp-tiled,1,-,0,10,2.65096255,2.41219155,0.516616597,0.194879,0.759825,0.759825,31.61,2.43855e+09,4.97664e+09,0.49,85.5776,32.2816,226.863,75.5401,0.9933,TDP_ESTIMATE,PASS
box,7,4k,3840,2160,3,omp-tiled,2,-,0,10,2.81743499,2.5148176,0.615723225,0.21854,0.714929,0.357465,0,2.43855e+09,4.97664e+09,0.49,156.433,55.5227,440.74,43.92,1.708,TDP_ESTIMATE,PASS
box,7,8k,7680,4320,3,seq,1,-,0,10,7.91179694,8.10446565,0.586044249,0.0740722,1.00983,1.00983,-0.9734,9.75421e+09,1.99066e+10,0.49,255.17,32.2518,2018.86,302.439,0.9924,TDP_ESTIMATE,PASS
box,7,8k,7680,4320,3,pthreads,1,-,0,10,7.87093909,8.02525511,0.539086161,0.0684907,1.01507,1.01507,-1.485,9.75421e+09,1.99066e+10,0.49,253.96,32.2655,1998.9,302.311,0.9928,TDP_ESTIMATE,PASS
box,7,8k,7680,4320,3,pthreads,2,-,0,10,7.67014451,7.77226925,0.609745194,0.0794959,1.04164,0.520822,0,9.75421e+09,1.99066e+10,0.49,434.306,56.6228,3331.19,172.267,1.742,TDP_ESTIMATE,PASS
box,7,8k,7680,4320,3,omp-rows,1,static,64,10,8.08471664,8.36384382,0.54759522,0.0677321,0.988231,0.988231,1.191,9.75421e+09,1.99066e+10,0.49,260.383,32.2068,2105.12,302.862,0.991,TDP_ESTIMATE,PASS
box,7,8k,7680,4320,3,omp-rows,2,static,64,10,7.61751605,7.60959869,0.615601257,0.0808139,1.04884,0.524421,0,9.75421e+09,1.99066e+10,0.49,431.668,56.6677,3288.24,172.13,1.744,TDP_ESTIMATE,PASS
box,7,8k,7680,4320,3,omp-tiled,1,-,0,10,10.5988473,10.8409532,0.487328437,0.0459794,0.753815,0.753815,32.66,9.75421e+09,1.99066e+10,0.49,341.869,32.2552,3623.42,302.407,0.9925,TDP_ESTIMATE,PASS
box,7,8k,7680,4320,3,omp-tiled,2,-,0,10,11.0790717,11.2880202,0.495469478,0.0447212,0.72114,0.36057,0,9.75421e+09,1.99066e+10,0.49,622.406,56.1785,6895.69,173.629,1.729,TDP_ESTIMATE,PASS
box,11,2k,2560,1440,3,seq,1,-,0,10,2.25571492,2.08771132,0.33702331,0.149409,0.968171,0.968171,3.288,2.67633e+09,5.39689e+09,0.495902,72.7991,32.273,164.214,82.9278,0.993,TDP_ESTIMATE,PASS
box,11,2k,2560,1440,3,pthreads,1,-,0,10,2.28709953,2.0809031,0.399523422,0.174686,0.954885,0.954885,4.725,2.67633e+09,5.39689e+09,0.495902,73.8269,32.2795,168.849,82.9109,0.9932,TDP_ESTIMATE,PASS
box,11,2k,2560,1440,3,pthreads,2,-,0,10,1.95338232,1.822998,0.33169526,0.169806,1.11802,0.559009,0,2.67633e+09,5.39689e+09,0.495902,113.176,57.9384,221.077,46.1926,1.783,TDP_ESTIMATE,PASS
box,11,2k,2560,1440,3,omp-rows,1,static,64,10,2.31340399,2.11004158,0.373316077,0.161371,0.944027,0.944027,5.929,2.67633e+09,5.39689e+09,0.495902,74.6412,32.2645,172.675,82.9495,0.9928,TDP_ESTIMATE,PASS
box,11,2k,2560,1440,3,omp-rows,2,static,64,10,1.94056117,1.80197204,0.289571449,0.14922,1.1254,0.562702,0,2.67633e+09,5.39689e+09,0.495902,113.249,58.3586,219.767,45.86,1.796,TDP_ESTIMATE,PASS
box,11,2k,2560,1440,3,omp-tiled,1,-,0,10,2.71982533,2.46905215,0.444724201,0.163512,0.802962,0.802962,24.54,2.67633e+09,5.39689e+09,0.495902,87.8252,32.2906,238.869,82.8824,0.9936,TDP_ESTIMATE,PASS
box,11,2k,2560,1440,3,omp-tiled,2,-,0,10,2.88203414,2.60067884,0.508366746,0.176392,0.757769,0.378885,0,2.67633e+09,5.39689e+09,0.495902,160.583,55.7184,462.806,48.033,1.714,TDP_ESTIMATE,PASS
box,11,4k,3840,2160,3,seq,1,-,0,10,5.17093071,5.08821016,0.443888352,0.085843,1.00556,1.00556,-0.5529,6.02173e+09,1.2143e+10,0.495902,166.474,32.1941,860.825,187.045,0.9906,TDP_ESTIMATE,PASS
box,11,4k,3840,2160,3,pthreads,1,-,0,10,5.22038808,4.91604723,0.535244815,0.10253,0.996033,0.996033,0.3983,6.02173e+09,1.2143e+10,0.495902,167.934,32.1688,876.682,187.192,0.9898,TDP_ESTIMATE,PASS
box,11,4k,3840,2160,3,pthreads,2,-,0,10,4.44559092,4.0379292,0.667600597,0.150171,1.16963,0.584813,0,6.02173e+09,1.2143e+10,0.495902,251.962,56.6767,1120.12,106.247,1.744,TDP_ESTIMATE,PASS
box,11,4k,3840,2160,3,omp-rows,1,static,64,10,5.24139918,4.9401204,0.496050497,0.0946409,0.99204,0.99204,0.8024,6.02173e+09,1.2143e+10,0.495902,168.638,32.1742,883.9,187.16,0.99,TDP_ESTIMATE,PASS
box,11,4k,3840,2160,3,omp-rows,2,static,64,10,4.50398082,4.14240885,0.642920693,0.142745,1.15446,0.577232,0,6.02173e+09,1.2143e+10,0.495902,255.77,56.7874,1151.98,106.04,1.747,TDP_ESTIMATE,PASS
box,11,4k,3840,2160,3,omp-tiled,1,-,0,10,6.27726498,6.23058803,0.77437644,0.123362,0.828335,0.828335,20.72,6.02173e+09,1.2143e+10,0.495902,201.917,32.1664,1267.49,187.206,0.9897,TDP_ESTIMATE,PASS
box,11,4k,3840,2160,3,omp-tiled,2,-,0,10,6.55663724,6.48989726,0.670814808,0.102311,0.793041,0.39652,0,6.02173e+09,1.2143e+10,0.495902,365.437,55.7353,2396.04,108.042,1.715,TDP_ESTIMATE,PASS
box,11,8k,7680,4320,3,seq,1,-,0,10,20.4857406,20.8207703,0.571483053,0.0278966,0.997041,0.997041,0.2968,2.40869e+10,4.8572e+10,0.495902,661.213,32.2767,13545.4,746.263,0.9931,TDP_ESTIMATE,PASS
box,11,8k,7680,4320,3,pthreads,1,-,0,10,20.4392788,20.7262888,0.521147291,0.0254973,0.999307,0.999307,0.06932,2.40869e+10,4.8572e+10,0.495902,659.762,32.2791,13485.1,746.208,0.9932,TDP_ESTIMATE,PASS
box,11,8k,7680,4320,3,pthreads,2,-,0,10,17.8718492,17.6636709,0.524909669,0.0293708,1.14287,0.571433,0,2.40869e+10,4.8572e+10,0.495902,1013.03,56.6828,18104.7,424.942,1.744,TDP_ESTIMATE,PASS
box,11,8k,7680,4320,3,omp-rows,1,static,64,10,20.6644583,20.9600404,0.505764693,0.0244751,0.988418,0.988418,1.172,2.40869e+10,4.8572e+10,0.495902,666.928,32.2742,13781.7,746.323,0.9931,TDP_ESTIMATE,PASS
box,11,8k,7680,4320,3,omp-rows,2,static,64,10,17.9177007,17.8031042,0.426407052,0.0237981,1.13994,0.56997,0,2.40869e+10,4.8572e+10,0.495902,1015.05,56.6506,18187.3,425.184,1.743,TDP_ESTIMATE,PASS
box,11,8k,7680,4320,3,omp-tiled,1,-,0,10,24.7656009,24.8576744,0.425205283,0.0171692,0.824738,0.824738,21.25,2.40869e+10,4.8572e+10,0.495902,798.89,32.258,19785,746.696,0.9926,TDP_ESTIMATE,PASS
box,11,8k,7680,4320,3,omp-tiled,2,-,0,10,25.846675,25.9057907,0.292859338,0.0113306,0.790242,0.395121,0,2.40869e+10,4.8572e+10,0.495902,1453.54,56.2371,37569.2,428.31,1.73,TDP_ESTIMATE,PASS
box,15,2k,2560,1440,3,seq,1,-,0,10,4.21170892,3.91809693,0.509299093,0.120925,0.990254,0.990254,0.9842,4.97664e+09,9.99752e+09,0.497788,135.841,32.253,572.122,154.3,0.9924,TDP_ESTIMATE,PASS
box,15,2k,2560,1440,3,pthreads,1,-,0,10,4.19616733,3.9028077,0.491226388,0.117065,0.993921,0.993921,0.6116,4.97664e+09,9.99752e+09,0.497788,135.328,32.2502,567.858,154.313,0.9923,TDP_ESTIMATE,PASS
box,15,2k,2560,1440,3,pthreads,2,-,0,10,3.50321336,3.20784282,0.533686436,0.152342,1.19052,0.595262,0,4.97664e+09,9.99752e+09,0.497788,199.66,56.9934,699.453,87.3196,1.754,TDP_ESTIMATE,PASS
box,15,2k,2560,1440,3,omp-rows,1,static,64,10,4.19210749,3.98518268,0.399009717,0.0951812,0.994884,0.994884,0.5142,4.97664e+09,9.99752e+09,0.497788,135.422,32.304,567.705,154.056,0.994,TDP_ESTIMATE,PASS
box,15,2k,2560,1440,3,omp-rows,2,static,64,10,3.48561804,3.22777583,0.434153319,0.124556,1.19653,0.598267,0,4.97664e+09,9.99752e+09,0.497788,201.459,57.7971,702.209,86.1054,1.778,TDP_ESTIMATE,PASS
box,15,2k,2560,1440,3,omp-tiled,1,-,0,10,4.87980422,4.53171194,0.644862353,0.132149,0.854678,0.854678,17,4.97664e+09,9.99752e+09,0.497788,157.485,32.2728,768.497,154.205,0.993,TDP_ESTIMATE,PASS
box,15,2k,2560,1440,3,omp-tiled,2,-,0,10,5.07395944,4.7155097,0.616979331,0.121597,0.821974,0.410987,0,4.97664e+09,9.99752e+09,0.497788,289.556,57.0667,1469.19,87.2074,1.756,TDP_ESTIMATE,PASS
box,15,4k,3840,2160,3,seq,1,-,0,10,9.48095752,9.65966102,0.421639474,0.0444722,0.992581,0.992581,0.7475,1.11974e+10,2.24944e+10,0.497788,305.766,32.2505,2898.95,347.202,0.9923,TDP_ESTIMATE,PASS
box,15,4k,3840,2160,3,pthreads,1,-,0,10,9.5055184,9.68231281,0.341998442,0.0359789,0.990016,0.990016,1.008,1.11974e+10,2.24944e+10,0.497788,306.496,32.244,2913.41,347.272,0.9921,TDP_ESTIMATE,PASS
box,15,4k,3840,2160,3,pthreads,2,-,0,10,7.97448918,8.23634788,0.625100559,0.0783875,1.18009,0.590045,0,1.11974e+10,2.24944e+10,0.497788,449.217,56.3317,3582.27,198.777,1.733,TDP_ESTIMATE,PASS
box,15,4k,3840,2160,3,omp-rows,1,static,64,10,9.4612882,9.64589154,0.366841202,0.0387729,0.994644,0.994644,0.5385,1.11974e+10,2.24944e+10,0.497788,305.427,32.2817,2889.73,346.866,0.9933,TDP_ESTIMATE,PASS
box,15,4k,3840,2160,3,omp-rows,2,static,64,10,8.0300505,8.20743663,0.58466049,0.0728091,1.17192,0.585962,0,1.11974e+10,2.24944e+10,0.497788,451.541,56.2313,3625.89,199.132,1.73,TDP_ESTIMATE,PASS
box,15,4k,3840,2160,3,omp-tiled,1,-,0,10,10.9890145,11.1152645,0.4531439,0.0412361,0.856366,0.856366,16.77,1.11974e+10,2.24944e+10,0.497788,354.51,32.2603,3895.71,347.096,0.9926,TDP_ESTIMATE,PASS
box,15,4k,3840,2160,3,omp-tiled,2,-,0,10,11.6495218,11.7507889,0.331880015,0.0284887,0.807811,0.403906,0,1.11974e+10,2.24944e+10,0.497788,649.947,55.7917,7571.57,200.701,1.717,TDP_ESTIMATE,PASS
box,15,8k,7680,4320,3,seq,1,-,0,10,38.4129804,38.3831914,0.239934128,0.00624617,0.993007,0.993007,0.7042,4.47898e+10,8.99777e+10,0.497788,1237.77,32.2227,47546.5,1390,0.9915,TDP_ESTIMATE,PASS
box,15,8k,7680,4320,3,pthreads,1,-,0,10,38.0844441,38.0436219,0.218043711,0.00572527,1.00157,1.00157,-0.1571,4.47898e+10,8.99777e+10,0.497788,1228.79,32.2648,46797.7,1388.19,0.9928,TDP_ESTIMATE,PASS
box,15,8k,7680,4320,3,pthreads,2,-,0,10,32.2716843,32.1103463,0.810584196,0.0251175,1.18198,0.590988,0,4.47898e+10,8.99777e+10,0.497788,1818.39,56.3463,58682.5,794.901,1.734,TDP_ESTIMATE,PASS
box,15,8k,7680,4320,3,omp-rows,1,static,64,10,38.1574537,38.115545,0.237781834,0.0062316,0.999657,0.999657,0.03433,4.47898e+10,8.99777e+10,0.497788,1230.76,32.2548,46962.7,1388.62,0.9925,TDP_ESTIMATE,PASS
box,15,8k,7680,4320,3,omp-rows,2,static,64,10,32.3129839,32.1402897,0.634386127,0.0196325,1.18047,0.590233,0,4.47898e+10,8.99777e+10,0.497788,1821.86,56.3816,58869.7,794.404,1.735,TDP_ESTIMATE,PASS
box,15,8k,7680,4320,3,omp-tiled,1,-,0,10,43.9403862,43.5353942,0.898529012,0.0204488,0.868093,0.868093,15.19,4.47898e+10,8.99777e+10,0.497788,1416.75,32.2426,62252.6,1389.15,0.9921,TDP_ESTIMATE,PASS
box,15,8k,7680,4320,3,omp-tiled,2,-,0,10,46.3966347,46.2568424,0.538065205,0.0115971,0.822136,0.411068,0,4.47898e+10,8.99777e+10,0.497788,2604.98,56.1458,120862,797.739,1.728,TDP_ESTIMATE,PASS
