pattern,kernel_size,image,model,threads,schedule,chunk,time_ms,speedup,efficiency,power_W,MFLOP_per_W,arith_intensity,energy_source,validation
sobel,3,2k,seq,1,-,0,228.0424,0.758,0.758,32.08,6.21,0.450,TDP_ESTIMATE,PASS
sobel,3,2k,pthreads,1,-,0,234.6421,0.736,0.736,31.97,6.23,0.450,TDP_ESTIMATE,PASS
sobel,3,2k,pthreads,2,-,0,173.1420,0.998,0.499,62.78,3.17,0.450,TDP_ESTIMATE,PASS
sobel,3,2k,omp-rows,1,static,64,169.4392,1.020,1.020,32.47,6.13,0.450,TDP_ESTIMATE,PASS
sobel,3,2k,omp-rows,2,static,64,170.7428,1.012,0.506,63.67,3.13,0.450,TDP_ESTIMATE,PASS
sobel,3,2k,omp-tiled,1,-,0,288.3588,0.599,0.599,32.30,6.16,0.450,TDP_ESTIMATE,PASS
sobel,3,2k,omp-tiled,2,-,0,343.3677,0.503,0.252,49.50,4.02,0.450,TDP_ESTIMATE,PASS
sobel,3,4k,seq,1,-,0,541.5444,0.724,0.724,31.99,14.00,0.450,TDP_ESTIMATE,PASS
sobel,3,4k,pthreads,1,-,0,392.9845,0.998,0.998,32.45,13.80,0.450,TDP_ESTIMATE,PASS
sobel,3,4k,pthreads,2,-,0,389.3255,1.007,0.503,62.65,7.15,0.450,TDP_ESTIMATE,PASS
sobel,3,4k,omp-rows,1,static,64,484.0167,0.810,0.810,31.97,14.01,0.450,TDP_ESTIMATE,PASS
sobel,3,4k,omp-rows,2,static,64,379.6659,1.033,0.516,63.55,7.05,0.450,TDP_ESTIMATE,PASS
sobel,3,4k,omp-tiled,1,-,0,721.2934,0.543,0.543,32.14,13.94,0.450,TDP_ESTIMATE,PASS
sobel,3,4k,omp-tiled,2,-,0,608.4457,0.644,0.322,63.20,7.09,0.450,TDP_ESTIMATE,PASS
sobel,3,8k,seq,1,-,0,1764.5851,0.975,0.975,32.25,55.56,0.450,TDP_ESTIMATE,PASS
sobel,3,8k,pthreads,1,-,0,1792.4368,0.960,0.960,32.28,55.50,0.450,TDP_ESTIMATE,PASS
sobel,3,8k,pthreads,2,-,0,1729.7084,0.995,0.497,57.12,31.37,0.450,TDP_ESTIMATE,PASS
sobel,3,8k,omp-rows,1,static,64,1814.9929,0.948,0.948,32.18,55.68,0.450,TDP_ESTIMATE,PASS
sobel,3,8k,omp-rows,2,static,64,1695.7748,1.015,0.507,57.25,31.29,0.450,TDP_ESTIMATE,PASS
sobel,3,8k,omp-tiled,1,-,0,2590.0582,0.664,0.664,32.24,55.57,0.450,TDP_ESTIMATE,PASS
sobel,3,8k,omp-tiled,2,-,0,2731.5531,0.630,0.315,55.55,32.25,0.450,TDP_ESTIMATE,PASS
gaussian,3,2k,seq,1,-,0,171.8889,1.014,1.014,32.48,6.13,0.450,TDP_ESTIMATE,PASS
gaussian,3,2k,pthreads,1,-,0,307.0580,0.568,0.568,31.80,6.26,0.450,TDP_ESTIMATE,PASS
gaussian,3,2k,pthreads,2,-,0,174.2799,1.000,0.500,62.41,3.19,0.450,TDP_ESTIMATE,PASS
gaussian,3,2k,omp-rows,1,static,64,170.4662,1.023,1.023,32.48,6.13,0.450,TDP_ESTIMATE,PASS
gaussian,3,2k,omp-rows,2,static,64,176.2643,0.989,0.495,62.80,3.17,0.450,TDP_ESTIMATE,PASS
gaussian,3,2k,omp-tiled,1,-,0,253.8465,0.687,0.687,32.45,6.13,0.450,TDP_ESTIMATE,PASS
gaussian,3,2k,omp-tiled,2,-,0,414.0800,0.421,0.211,39.78,5.00,0.450,TDP_ESTIMATE,PASS
gaussian,3,4k,seq,1,-,0,389.7173,0.999,0.999,32.48,13.79,0.450,TDP_ESTIMATE,PASS
gaussian,3,4k,pthreads,1,-,0,464.7417,0.838,0.838,32.09,13.96,0.450,TDP_ESTIMATE,PASS
gaussian,3,4k,pthreads,2,-,0,387.9726,1.003,0.502,62.58,7.16,0.450,TDP_ESTIMATE,PASS
gaussian,3,4k,omp-rows,1,static,64,524.9967,0.741,0.741,32.11,13.95,0.450,TDP_ESTIMATE,PASS
gaussian,3,4k,omp-rows,2,static,64,390.5337,0.997,0.498,63.45,7.06,0.450,TDP_ESTIMATE,PASS
gaussian,3,4k,omp-tiled,1,-,0,724.3304,0.537,0.537,32.08,13.96,0.450,TDP_ESTIMATE,PASS
gaussian,3,4k,omp-tiled,2,-,0,607.4643,0.641,0.320,63.02,7.11,0.450,TDP_ESTIMATE,PASS
gaussian,3,8k,seq,1,-,0,1871.6665,0.917,0.917,32.17,55.69,0.450,TDP_ESTIMATE,PASS
gaussian,3,8k,pthreads,1,-,0,1721.0818,0.997,0.997,32.25,55.55,0.450,TDP_ESTIMATE,PASS
gaussian,3,8k,pthreads,2,-,0,1736.3175,0.989,0.494,56.74,31.58,0.450,TDP_ESTIMATE,PASS
gaussian,3,8k,omp-rows,1,static,64,1715.3620,1.001,1.001,32.21,55.62,0.450,TDP_ESTIMATE,PASS
gaussian,3,8k,omp-rows,2,static,64,1712.1983,1.002,0.501,56.59,31.66,0.450,TDP_ESTIMATE,PASS
gaussian,3,8k,omp-tiled,1,-,0,2597.1855,0.661,0.661,32.26,55.54,0.450,TDP_ESTIMATE,PASS
gaussian,3,8k,omp-tiled,2,-,0,2721.9174,0.631,0.315,55.40,32.34,0.450,TDP_ESTIMATE,PASS
gaussian,7,2k,seq,1,-,0,789.1258,1.047,1.047,32.47,33.38,0.490,TDP_ESTIMATE,PASS
gaussian,7,2k,pthreads,1,-,0,918.7885,0.899,0.899,32.19,33.67,0.490,TDP_ESTIMATE,PASS
gaussian,7,2k,pthreads,2,-,0,918.5809,0.899,0.450,52.01,20.84,0.490,TDP_ESTIMATE,PASS
gaussian,7,2k,omp-rows,1,static,64,924.8611,0.893,0.893,32.25,33.60,0.490,TDP_ESTIMATE,PASS
gaussian,7,2k,omp-rows,2,static,64,761.5301,1.085,0.542,63.27,17.13,0.490,TDP_ESTIMATE,PASS
gaussian,7,2k,omp-tiled,1,-,0,1092.9025,0.756,0.756,32.36,33.49,0.490,TDP_ESTIMATE,PASS
gaussian,7,2k,omp-tiled,2,-,0,1215.2280,0.680,0.340,57.30,18.91,0.490,TDP_ESTIMATE,PASS
gaussian,7,4k,seq,1,-,0,1911.8903,1.058,1.058,32.31,75.48,0.490,TDP_ESTIMATE,PASS
gaussian,7,4k,pthreads,1,-,0,1909.6170,1.059,1.059,32.31,75.48,0.490,TDP_ESTIMATE,PASS
gaussian,7,4k,pthreads,2,-,0,1982.0952,1.020,0.510,54.04,45.12,0.490,TDP_ESTIMATE,PASS
gaussian,7,4k,omp-rows,1,static,64,2070.9075,0.976,0.976,32.20,75.72,0.490,TDP_ESTIMATE,PASS
gaussian,7,4k,omp-rows,2,static,64,1895.2376,1.067,0.533,57.59,42.35,0.490,TDP_ESTIMATE,PASS
gaussian,7,4k,omp-tiled,1,-,0,2676.8692,0.755,0.755,32.20,75.73,0.490,TDP_ESTIMATE,PASS
gaussian,7,4k,omp-tiled,2,-,0,2788.4954,0.725,0.363,55.76,43.74,0.490,TDP_ESTIMATE,PASS
gaussian,7,8k,seq,1,-,0,8004.9572,0.993,0.993,32.26,302.40,0.490,TDP_ESTIMATE,PASS
gaussian,7,8k,pthreads,1,-,0,7920.7358,1.003,1.003,32.26,302.32,0.490,TDP_ESTIMATE,PASS
gaussian,7,8k,pthreads,2,-,0,7708.3622,1.031,0.515,56.22,173.50,0.490,TDP_ESTIMATE,PASS
gaussian,7,8k,omp-rows,1,static,64,7980.0602,0.996,0.996,32.29,302.08,0.490,TDP_ESTIMATE,PASS
gaussian,7,8k,omp-rows,2,static,64,7735.7008,1.027,0.514,55.82,174.76,0.490,TDP_ESTIMATE,PASS
gaussian,7,8k,omp-tiled,1,-,0,10670.1129,0.745,0.745,32.26,302.32,0.490,TDP_ESTIMATE,PASS
gaussian,7,8k,omp-tiled,2,-,0,11213.2819,0.709,0.354,55.67,175.21,0.490,TDP_ESTIMATE,PASS
gaussian,11,2k,seq,1,-,0,2256.0706,1.027,1.027,32.27,82.93,0.496,TDP_ESTIMATE,PASS
gaussian,11,2k,pthreads,1,-,0,2189.9451,1.058,1.058,32.34,82.77,0.496,TDP_ESTIMATE,PASS
gaussian,11,2k,pthreads,2,-,0,1939.8512,1.194,0.597,57.86,46.25,0.496,TDP_ESTIMATE,PASS
gaussian,11,2k,omp-rows,1,static,64,2326.5385,0.996,0.996,32.25,82.98,0.496,TDP_ESTIMATE,PASS
gaussian,11,2k,omp-rows,2,static,64,2056.1325,1.127,0.563,54.52,49.09,0.496,TDP_ESTIMATE,PASS
gaussian,11,2k,omp-tiled,1,-,0,2750.5766,0.842,0.842,32.25,82.99,0.496,TDP_ESTIMATE,PASS
gaussian,11,2k,omp-tiled,2,-,0,2877.4275,0.805,0.403,55.55,48.17,0.496,TDP_ESTIMATE,PASS
gaussian,11,4k,seq,1,-,0,5150.6183,1.000,1.000,32.25,186.72,0.496,TDP_ESTIMATE,PASS
gaussian,11,4k,pthreads,1,-,0,5063.8439,1.018,1.018,32.27,186.60,0.496,TDP_ESTIMATE,PASS
gaussian,11,4k,pthreads,2,-,0,4491.8963,1.147,0.574,56.42,106.72,0.496,TDP_ESTIMATE,PASS
gaussian,11,4k,omp-rows,1,static,64,5164.2285,0.998,0.998,32.28,186.55,0.496,TDP_ESTIMATE,PASS
gaussian,11,4k,omp-rows,2,static,64,4504.6080,1.144,0.572,56.44,106.70,0.496,TDP_ESTIMATE,PASS
gaussian,11,4k,omp-tiled,1,-,0,6631.8845,0.777,0.777,32.05,187.90,0.496,TDP_ESTIMATE,PASS
gaussian,11,4k,omp-tiled,2,-,0,6431.4668,0.801,0.401,56.66,106.28,0.496,TDP_ESTIMATE,PASS
gaussian,11,8k,seq,1,-,0,20545.7501,1.005,1.005,32.25,746.94,0.496,TDP_ESTIMATE,PASS
gaussian,11,8k,pthreads,1,-,0,20564.7320,1.005,1.005,32.26,746.62,0.496,TDP_ESTIMATE,PASS
gaussian,11,8k,pthreads,2,-,0,18036.8803,1.145,0.573,56.47,426.52,0.496,TDP_ESTIMATE,PASS
gaussian,11,8k,omp-rows,1,static,64,20721.8558,0.997,0.997,32.25,746.79,0.496,TDP_ESTIMATE,PASS
gaussian,11,8k,omp-rows,2,static,64,17943.7493,1.151,0.576,56.66,425.08,0.496,TDP_ESTIMATE,PASS
gaussian,11,8k,omp-tiled,1,-,0,24789.8786,0.833,0.833,32.23,747.30,0.496,TDP_ESTIMATE,PASS
gaussian,11,8k,omp-tiled,2,-,0,26161.5305,0.790,0.395,56.15,428.95,0.496,TDP_ESTIMATE,PASS
gaussian,15,2k,seq,1,-,0,4196.9265,1.005,1.005,32.22,154.46,0.498,TDP_ESTIMATE,PASS
gaussian,15,2k,pthreads,1,-,0,4216.6837,1.000,1.000,32.18,154.63,0.498,TDP_ESTIMATE,PASS
gaussian,15,2k,pthreads,2,-,0,3590.7713,1.174,0.587,55.43,89.79,0.498,TDP_ESTIMATE,PASS
gaussian,15,2k,omp-rows,1,static,64,4169.5341,1.011,1.011,32.27,154.20,0.498,TDP_ESTIMATE,PASS
gaussian,15,2k,omp-rows,2,static,64,3508.7001,1.202,0.601,57.02,87.28,0.498,TDP_ESTIMATE,PASS
gaussian,15,2k,omp-tiled,1,-,0,4871.0014,0.866,0.866,32.29,154.14,0.498,TDP_ESTIMATE,PASS
gaussian,15,2k,omp-tiled,2,-,0,5151.2695,0.819,0.409,55.73,89.29,0.498,TDP_ESTIMATE,PASS
gaussian,15,4k,seq,1,-,0,9509.3325,1.004,1.004,32.22,347.52,0.498,TDP_ESTIMATE,PASS
gaussian,15,4k,pthreads,1,-,0,9514.8892,1.003,1.003,32.24,347.36,0.498,TDP_ESTIMATE,PASS
gaussian,15,4k,pthreads,2,-,0,7996.6965,1.194,0.597,56.35,198.73,0.498,TDP_ESTIMATE,PASS
gaussian,15,4k,omp-rows,1,static,64,9634.0664,0.991,0.991,32.17,348.03,0.498,TDP_ESTIMATE,PASS
gaussian,15,4k,omp-rows,2,static,64,8022.0894,1.190,0.595,56.42,198.46,0.498,TDP_ESTIMATE,PASS
gaussian,15,4k,omp-tiled,1,-,0,10990.1886,0.869,0.869,32.23,347.39,0.498,TDP_ESTIMATE,PASS
gaussian,15,4k,omp-tiled,2,-,0,11865.3014,0.805,0.402,55.24,202.69,0.498,TDP_ESTIMATE,PASS
gaussian,15,8k,seq,1,-,0,38194.3877,1.003,1.003,32.25,1388.93,0.498,TDP_ESTIMATE,PASS
gaussian,15,8k,pthreads,1,-,0,38136.2524,1.005,1.005,32.25,1388.98,0.498,TDP_ESTIMATE,PASS
gaussian,15,8k,pthreads,2,-,0,32085.0019,1.195,0.597,56.44,793.56,0.498,TDP_ESTIMATE,PASS
gaussian,15,8k,omp-rows,1,static,64,38580.6234,0.993,0.993,32.23,1389.74,0.498,TDP_ESTIMATE,PASS
gaussian,15,8k,omp-rows,2,static,64,32196.7710,1.190,0.595,56.58,791.65,0.498,TDP_ESTIMATE,PASS
gaussian,15,8k,omp-tiled,1,-,0,44065.5410,0.870,0.870,32.23,1389.79,0.498,TDP_ESTIMATE,PASS
gaussian,15,8k,omp-tiled,2,-,0,46431.2014,0.825,0.413,56.23,796.55,0.498,TDP_ESTIMATE,PASS
box,3,2k,seq,1,-,0,174.4077,1.163,1.163,32.47,6.13,0.450,TDP_ESTIMATE,PASS
box,3,2k,pthreads,1,-,0,175.6920,1.155,1.155,32.43,6.14,0.450,TDP_ESTIMATE,PASS
box,3,2k,pthreads,2,-,0,172.6053,1.176,0.588,62.85,3.17,0.450,TDP_ESTIMATE,PASS
box,3,2k,omp-rows,1,static,64,171.1312,1.186,1.186,32.44,6.14,0.450,TDP_ESTIMATE,PASS
box,3,2k,omp-rows,2,static,64,292.2809,0.694,0.347,36.58,5.44,0.450,TDP_ESTIMATE,PASS
box,3,2k,omp-tiled,1,-,0,254.7102,0.797,0.797,32.46,6.13,0.450,TDP_ESTIMATE,PASS
box,3,2k,omp-tiled,2,-,0,267.9705,0.757,0.379,63.09,3.16,0.450,TDP_ESTIMATE,PASS
box,3,4k,seq,1,-,0,393.2073,1.345,1.345,32.39,13.83,0.450,TDP_ESTIMATE,PASS
box,3,4k,pthreads,1,-,0,398.1692,1.328,1.328,32.42,13.81,0.450,TDP_ESTIMATE,PASS
box,3,4k,pthreads,2,-,0,515.9096,1.025,0.512,48.69,9.20,0.450,TDP_ESTIMATE,PASS
box,3,4k,omp-rows,1,static,64,390.3547,1.355,1.355,32.40,13.82,0.450,TDP_ESTIMATE,PASS
box,3,4k,omp-rows,2,static,64,528.7957,1.000,0.500,46.20,9.69,0.450,TDP_ESTIMATE,PASS
box,3,4k,omp-tiled,1,-,0,587.6081,0.900,0.900,32.40,13.83,0.450,TDP_ESTIMATE,PASS
box,3,4k,omp-tiled,2,-,0,775.1340,0.682,0.341,50.05,8.95,0.450,TDP_ESTIMATE,PASS
box,3,8k,seq,1,-,0,1750.5815,1.064,1.064,32.28,55.50,0.450,TDP_ESTIMATE,PASS
box,3,8k,pthreads,1,-,0,1728.6583,1.078,1.078,32.29,55.49,0.450,TDP_ESTIMATE,PASS
box,3,8k,pthreads,2,-,0,1833.6198,1.016,0.508,53.69,33.37,0.450,TDP_ESTIMATE,PASS
box,3,8k,omp-rows,1,static,64,1672.5901,1.114,1.114,32.28,55.50,0.450,TDP_ESTIMATE,PASS
box,3,8k,omp-rows,2,static,64,1801.4624,1.034,0.517,53.31,33.61,0.450,TDP_ESTIMATE,PASS
box,3,8k,omp-tiled,1,-,0,2600.9618,0.716,0.716,32.27,55.52,0.450,TDP_ESTIMATE,PASS
box,3,8k,omp-tiled,2,-,0,2646.4790,0.704,0.352,56.96,31.45,0.450,TDP_ESTIMATE,PASS
box,7,2k,seq,1,-,0,850.6647,0.926,0.926,32.28,33.57,0.490,TDP_ESTIMATE,PASS
box,7,2k,pthreads,1,-,0,910.8514,0.865,0.865,32.20,33.66,0.490,TDP_ESTIMATE,PASS
box,7,2k,pthreads,2,-,0,911.2411,0.864,0.432,52.36,20.70,0.490,TDP_ESTIMATE,PASS
box,7,2k,omp-rows,1,static,64,903.3681,0.872,0.872,32.25,33.61,0.490,TDP_ESTIMATE,PASS
box,7,2k,omp-rows,2,static,64,778.5499,1.011,0.506,63.23,17.14,0.490,TDP_ESTIMATE,PASS
box,7,2k,omp-tiled,1,-,0,1107.0257,0.711,0.711,32.36,33.49,0.490,TDP_ESTIMATE,PASS
box,7,2k,omp-tiled,2,-,0,1227.3971,0.642,0.321,57.56,18.83,0.490,TDP_ESTIMATE,PASS
box,7,4k,seq,1,-,0,1923.6662,1.047,1.047,32.22,75.69,0.490,TDP_ESTIMATE,PASS
box,7,4k,pthreads,1,-,0,1905.9530,1.057,1.057,32.31,75.49,0.490,TDP_ESTIMATE,PASS
box,7,4k,pthreads,2,-,0,1912.7534,1.053,0.527,56.94,42.83,0.490,TDP_ESTIMATE,PASS
box,7,4k,omp-rows,1,static,64,2050.4054,0.982,0.982,32.14,75.88,0.490,TDP_ESTIMATE,PASS
box,7,4k,omp-rows,2,static,64,1955.2640,1.030,0.515,55.42,44.00,0.490,TDP_ESTIMATE,PASS
box,7,4k,omp-tiled,1,-,0,2650.9626,0.760,0.760,32.28,75.54,0.490,TDP_ESTIMATE,PASS
box,7,4k,omp-tiled,2,-,0,2817.4350,0.715,0.357,55.52,43.92,0.490,TDP_ESTIMATE,PASS
box,7,8k,seq,1,-,0,7911.7969,1.010,1.010,32.25,302.44,0.490,TDP_ESTIMATE,PASS
box,7,8k,pthreads,1,-,0,7870.9391,1.015,1.015,32.27,302.31,0.490,TDP_ESTIMATE,PASS
box,7,8k,pthreads,2,-,0,7670.1445,1.042,0.521,56.62,172.27,0.490,TDP_ESTIMATE,PASS
box,7,8k,omp-rows,1,static,64,8084.7166,0.988,0.988,32.21,302.86,0.490,TDP_ESTIMATE,PASS
box,7,8k,omp-rows,2,static,64,7617.5160,1.049,0.524,56.67,172.13,0.490,TDP_ESTIMATE,PASS
box,7,8k,omp-tiled,1,-,0,10598.8473,0.754,0.754,32.26,302.41,0.490,TDP_ESTIMATE,PASS
box,7,8k,omp-tiled,2,-,0,11079.0717,0.721,0.361,56.18,173.63,0.490,TDP_ESTIMATE,PASS
box,11,2k,seq,1,-,0,2255.7149,0.968,0.968,32.27,82.93,0.496,TDP_ESTIMATE,PASS
box,11,2k,pthreads,1,-,0,2287.0995,0.955,0.955,32.28,82.91,0.496,TDP_ESTIMATE,PASS
box,11,2k,pthreads,2,-,0,1953.3823,1.118,0.559,57.94,46.19,0.496,TDP_ESTIMATE,PASS
box,11,2k,omp-rows,1,static,64,2313.4040,0.944,0.944,32.26,82.95,0.496,TDP_ESTIMATE,PASS
box,11,2k,omp-rows,2,static,64,1940.5612,1.125,0.563,58.36,45.86,0.496,TDP_ESTIMATE,PASS
box,11,2k,omp-tiled,1,-,0,2719.8253,0.803,0.803,32.29,82.88,0.496,TDP_ESTIMATE,PASS
box,11,2k,omp-tiled,2,-,0,2882.0341,0.758,0.379,55.72,48.03,0.496,TDP_ESTIMATE,PASS
box,11,4k,seq,1,-,0,5170.9307,1.006,1.006,32.19,187.04,0.496,TDP_ESTIMATE,PASS
box,11,4k,pthreads,1,-,0,5220.3881,0.996,0.996,32.17,187.19,0.496,TDP_ESTIMATE,PASS
box,11,4k,pthreads,2,-,0,4445.5909,1.170,0.585,56.68,106.25,0.496,TDP_ESTIMATE,PASS
box,11,4k,omp-rows,1,static,64,5241.3992,0.992,0.992,32.17,187.16,0.496,TDP_ESTIMATE,PASS
box,11,4k,omp-rows,2,static,64,4503.9808,1.154,0.577,56.79,106.04,0.496,TDP_ESTIMATE,PASS
box,11,4k,omp-tiled,1,-,0,6277.2650,0.828,0.828,32.17,187.21,0.496,TDP_ESTIMATE,PASS
box,11,4k,omp-tiled,2,-,0,6556.6372,0.793,0.397,55.74,108.04,0.496,TDP_ESTIMATE,PASS
box,11,8k,seq,1,-,0,20485.7406,0.997,0.997,32.28,746.26,0.496,TDP_ESTIMATE,PASS
box,11,8k,pthreads,1,-,0,20439.2788,0.999,0.999,32.28,746.21,0.496,TDP_ESTIMATE,PASS
box,11,8k,pthreads,2,-,0,17871.8492,1.143,0.571,56.68,424.94,0.496,TDP_ESTIMATE,PASS
box,11,8k,omp-rows,1,static,64,20664.4583,0.988,0.988,32.27,746.32,0.496,TDP_ESTIMATE,PASS
box,11,8k,omp-rows,2,static,64,17917.7007,1.140,0.570,56.65,425.18,0.496,TDP_ESTIMATE,PASS
box,11,8k,omp-tiled,1,-,0,24765.6009,0.825,0.825,32.26,746.70,0.496,TDP_ESTIMATE,PASS
box,11,8k,omp-tiled,2,-,0,25846.6750,0.790,0.395,56.24,428.31,0.496,TDP_ESTIMATE,PASS
box,15,2k,seq,1,-,0,4211.7089,0.990,0.990,32.25,154.30,0.498,TDP_ESTIMATE,PASS
box,15,2k,pthreads,1,-,0,4196.1673,0.994,0.994,32.25,154.31,0.498,TDP_ESTIMATE,PASS
box,15,2k,pthreads,2,-,0,3503.2134,1.191,0.595,56.99,87.32,0.498,TDP_ESTIMATE,PASS
box,15,2k,omp-rows,1,static,64,4192.1075,0.995,0.995,32.30,154.06,0.498,TDP_ESTIMATE,PASS
box,15,2k,omp-rows,2,static,64,3485.6180,1.197,0.598,57.80,86.11,0.498,TDP_ESTIMATE,PASS
box,15,2k,omp-tiled,1,-,0,4879.8042,0.855,0.855,32.27,154.21,0.498,TDP_ESTIMATE,PASS
box,15,2k,omp-tiled,2,-,0,5073.9594,0.822,0.411,57.07,87.21,0.498,TDP_ESTIMATE,PASS
box,15,4k,seq,1,-,0,9480.9575,0.993,0.993,32.25,347.20,0.498,TDP_ESTIMATE,PASS
box,15,4k,pthreads,1,-,0,9505.5184,0.990,0.990,32.24,347.27,0.498,TDP_ESTIMATE,PASS
box,15,4k,pthreads,2,-,0,7974.4892,1.180,0.590,56.33,198.78,0.498,TDP_ESTIMATE,PASS
box,15,4k,omp-rows,1,static,64,9461.2882,0.995,0.995,32.28,346.87,0.498,TDP_ESTIMATE,PASS
box,15,4k,omp-rows,2,static,64,8030.0505,1.172,0.586,56.23,199.13,0.498,TDP_ESTIMATE,PASS
box,15,4k,omp-tiled,1,-,0,10989.0145,0.856,0.856,32.26,347.10,0.498,TDP_ESTIMATE,PASS
box,15,4k,omp-tiled,2,-,0,11649.5218,0.808,0.404,55.79,200.70,0.498,TDP_ESTIMATE,PASS
box,15,8k,seq,1,-,0,38412.9804,0.993,0.993,32.22,1390.00,0.498,TDP_ESTIMATE,PASS
box,15,8k,pthreads,1,-,0,38084.4441,1.002,1.002,32.26,1388.19,0.498,TDP_ESTIMATE,PASS
box,15,8k,pthreads,2,-,0,32271.6843,1.182,0.591,56.35,794.90,0.498,TDP_ESTIMATE,PASS
box,15,8k,omp-rows,1,static,64,38157.4537,1.000,1.000,32.25,1388.62,0.498,TDP_ESTIMATE,PASS
box,15,8k,omp-rows,2,static,64,32312.9839,1.180,0.590,56.38,794.40,0.498,TDP_ESTIMATE,PASS
box,15,8k,omp-tiled,1,-,0,43940.3862,0.868,0.868,32.24,1389.15,0.498,TDP_ESTIMATE,PASS
box,15,8k,omp-tiled,2,-,0,46396.6347,0.822,0.411,56.15,797.74,0.498,TDP_ESTIMATE,PASS
